,Demographic,Finance,Industry,Macro,Micro,Other,Total
Yearly,2.4174710698423563,3.2191541213708903,3.150501315134348,3.073544203667812,3.0607752787949125,2.869034938128687,3.081593743975984
Quarterly,1.2121364753441506,1.1051090464952866,1.1009169852796072,1.1392355529180533,1.1238478361025188,0.9039216880550819,1.117591596702191
Monthly,0.8571968075169984,0.9316475425828405,0.9634721703721164,0.928602203769741,0.865813286779226,0.8082211027262479,0.9130040278176521
Weekly,1.3947031179057594,2.50920362521141,1.6726879427820291,2.288541540935339,1.6392017440136581,2.7648231130431147,2.1326380860320286
Daily,9.664167503454768,3.422218672188154,3.8089840680320193,3.2691724337924546,2.6746966583105447,3.552118700355409,3.229429894906169
Hourly,NA,NA,NA,NA,NA,1.4580338422723005,1.4580338422723005
Total,1.1394689892627035,1.745782549266648,1.4938154634942364,1.4359846802341263,1.6086404375421484,2.16386142407102,1.5654309101690318
