,Demographic,Finance,Industry,Macro,Micro,Other,Total
Yearly,9.917723426869825,14.539705201075295,17.24041455292792,14.080864987095868,11.089612119535701,13.982736464579606,13.668885396752351
Quarterly,9.91315670163274,11.198908799940911,8.932577600305576,9.475929106952698,9.955697312595095,6.54482860577956,9.800348184883887
Monthly,4.6344344496660685,13.79378066628562,13.173064264862662,13.801394890872304,15.207207860498954,12.372396889281193,12.88779010174129
Weekly,10.341265661209519,3.714736974912889,6.688586423382354,7.7656104414314795,9.942013116611118,7.112557304351174,6.726420454335336
Daily,6.316061155916564,3.390213291773661,3.8650052064505767,2.5668970853370348,2.37148147349621,2.9267294376236466,2.994667056846564
Hourly,NA,NA,NA,NA,NA,13.16686569488587,13.16686569488587
Total,6.438507091775799,12.7024283425343,12.720049540806949,12.586400187248808,12.09944270738681,9.822562051760647,11.887309704361833
