,Demographic,Finance,Industry,Macro,Micro,Other,Total
Yearly,9.636021243165775,13.99017160789961,16.39084962781254,13.56749887025689,10.652291849604508,13.231982587550332,13.110768683606645
Quarterly,9.851739098712466,11.113605653776105,8.981663542525432,9.33777189875994,9.839732282640771,6.2689718474601674,9.716595404868363
Monthly,4.638455439839477,13.814249271867434,13.205547924187268,12.79717196459495,13.829447143410555,12.24853765617343,12.374452183188914
Weekly,4.95444785440719,4.2155353038120005,10.506613357139095,8.176922011772913,12.845910623494195,7.223358293553802,7.615516184708803
Daily,6.2485437794877745,3.6957495135774843,3.9832524208457807,2.592748196283458,2.54977467905508,2.9683117346499186,3.1882609951042746
Hourly,NA,NA,NA,NA,NA,9.343332402566789,9.343332402566789
Total,6.377926883747509,12.569894217684837,12.585398277580875,11.927905007386611,11.379334591348282,9.020656764400327,11.48798563384155
