,Demographic,Finance,Industry,Macro,Micro,Other,Total
Yearly,-0.00044,0.00060,-0.00049,-0.00045,0.00057,-0.00146,0.00008
Quarterly,-0.00068,0.00004,0.00078,0.00135,-0.00041,0.00156,0.00033
Monthly,-0.00559,0.00124,-0.00087,0.00347,0.00609,-0.00721,0.00195
Weekly,-0.04589,-0.00374,-0.02935,-0.01937,0.00306,-0.04942,-0.01267
Daily,-0.00041,0.00134,0.00032,0.00033,-0.00066,-0.00051,0.00034
Hourly,NA,NA,NA,NA,NA,0.02268,0.02268
Total,-0.00336,0.00068,-0.00041,0.00167,0.00258,0.00234,0.00099
