,Demographic,Finance,Industry,Macro,Micro,Other,Total
Yearly,9.855609470879495,14.33933197210836,16.934389646995363,14.230796775014412,11.040943092545644,13.725070762861117,13.55728462761166
Quarterly,9.846460645495755,11.22380673546638,8.883153940143297,9.364863967276023,9.972186077713761,6.502543203095658,9.769146351511862
Monthly,4.437627600063179,13.593492904188421,12.819284969434232,13.602149629753088,15.086607319087818,11.604918242174005,12.671000161142219
Weekly,11.246753595099541,3.6007428325070356,7.3055017556917905,14.80856200237804,9.534974333526577,14.671661250518449,7.675222907538694
Daily,6.423612193944569,3.6100497665137494,3.9124130571826177,2.669899635028991,2.420817882825578,2.925561697113401,3.100761233145044
Hourly,NA,NA,NA,NA,NA,11.536607179159846,11.536607179159846
Total,6.289678007008676,12.578377075857183,12.459865468879075,12.498835727569647,12.039083840156849,9.485978020181776,11.75127839643388
