,Demographic,Finance,Industry,Macro,Micro,Other,Total
Yearly,2.4115261382621513,3.108763604352543,3.0009462979103816,2.9938813563917033,2.93211002755518,2.693603838516789,2.966340672034693
Quarterly,1.2309481449155188,1.1121469979417369,1.1113612834218516,1.1435239061895637,1.1254374545890315,0.89205707258004,1.1235423397652655
Monthly,0.8717509685317083,0.9391401350180774,0.9600564836661479,0.899190140814275,0.8560146158037341,0.8035946922393189,0.9073385957639346
Weekly,0.66000168343124,3.1461797028876513,3.023690179198308,2.325464594875384,2.067092107796589,2.2895549792295298,2.518909963690745
Daily,9.396013086928336,3.774749248267012,3.9543076554865495,3.294583189208501,2.9220129080594535,3.6058454900393384,3.4684919214698358
Hourly,NA,NA,NA,NA,NA,0.9174385595251138,0.9174385595251138
Total,1.1499806856572707,1.7479868742814344,1.4687011641044976,1.4061948798685504,1.5876929506626491,2.04053356430836,1.5468852780049482
