,Demographic,Finance,Industry,Macro,Micro,Other,Total
Yearly,9.624741444585569,13.992972969967472,16.39992510412902,13.598848068660201,10.628455119217575,13.232092485109554,13.11104526360395
Quarterly,9.93281186520957,11.09269452984238,8.995175027181649,9.324227330469423,9.814026955318479,6.334356575294269,9.713769354062709
Monthly,4.632140114632394,13.806421362511518,13.198920975105239,12.806107004183616,13.959181055360785,11.953202255799159,12.400347049073062
Weekly,4.94107449794031,4.2203954101278445,10.550823828505992,8.261305209479016,12.934265635116441,7.23805010867111,7.6552742178504225
Daily,6.233457502796994,3.6996055545229334,3.9833027454961245,2.5947893313494585,2.5522264463066637,2.967817081200097,3.190495880141541
Hourly,NA,NA,NA,NA,NA,9.33013354497394,9.33013354497394
Total,6.389607496194459,12.562888916960535,12.587009171038682,11.935305215235514,11.424187648140121,9.011720068491213,11.499983087330829
