,Demographic,Finance,Industry,Macro,Micro,Other,Total
Yearly,2.4323072957875107,3.229674737243445,3.1451716307406263,3.0625354794539734,2.9211487411970465,2.8594394109886876,3.042342229912005
Quarterly,1.2191523641380595,1.1102419924148987,1.1051003911983788,1.1372295743408387,1.1333956440089403,0.910864390163875,1.1222785015984755
Monthly,0.8674773992005756,0.9289347313140516,0.9573481840566337,0.9175673279809434,0.8551129680171732,0.8165871862995077,0.9076309797273855
Weekly,2.685097723529281,2.5858788055619613,2.8874500850217846,2.621552752705501,1.705519213340929,3.6963588102369584,2.364092731100136
Daily,9.327117734769462,3.349081274254012,3.7806983103970873,3.302008558575527,2.6652921502365965,3.5412279650944245,3.194905884431115
Hourly,NA,NA,NA,NA,NA,1.1548492742219634,1.1548492742219634
Total,1.1527514349699832,1.7443381065245254,1.4902832450799053,1.4284426487366029,1.569657515087452,2.1275591117934973,1.5530652641673663
