,Demographic,Finance,Industry,Macro,Micro,Other,Total
Yearly,2.4192217776632483,3.1047106566187845,2.9920577434969076,2.988836151030511,2.9288405864602103,2.6911034234514872,2.9621999879376113
Quarterly,1.2303286282265826,1.1120658565212347,1.1119092934056616,1.1372502178851802,1.1212477484381058,0.8895008074469711,1.1210499127379614
Monthly,0.8711002377135421,0.9394926638192432,0.9594252291772111,0.8959406348658264,0.8431937937088609,0.8035360150032415,0.9036000695958276
Weekly,0.6479386666305152,3.0984143796434886,3.047628824543463,2.3337774562258824,2.0475276498654553,2.3471118436820833,2.4934528518727106
Daily,9.425328849556324,3.794771035664029,3.959728247207083,3.293779633315394,2.936181200991697,3.6128097700877375,3.4824529699497337
Hourly,NA,NA,NA,NA,NA,0.914473818191397,0.914473818191397
Total,1.1503823913023017,1.7480032623945068,1.4668721982281685,1.401796139237413,1.5809820323744175,2.0401127708188835,1.5440267140740551
