,Demographic,Finance,Industry,Macro,Micro,Other,Total
Yearly,9.668512929452465,14.002528744213878,16.382037360282645,13.599260984168385,10.639412379978793,13.221101884280154,13.115528411829006
Quarterly,9.95904113670789,11.084397387487382,8.984853088512033,9.336771513170653,9.826332956931429,6.338229606699178,9.717975997794946
Monthly,4.6362470615158395,13.823018591793742,13.22719038255066,12.76575737810028,13.75936551211825,12.172926856040064,12.35769703400179
Weekly,4.840383355566851,4.247639918782817,10.269522120124455,8.269272978103245,12.864661829292578,7.3614206038346515,7.639606251152514
Daily,6.251689228220949,3.702724705970424,3.986251682918214,2.587797100107435,2.5488225354210257,2.9708564315838535,3.191040296728
Hourly,NA,NA,NA,NA,NA,9.330498203681126,9.330498203681126
Total,6.403117795179874,12.57144693305119,12.595967443726067,11.91796580437989,11.342181570147972,9.027485220439548,11.48152007285988
