,Demographic,Finance,Industry,Macro,Micro,Other,Total
Yearly,2.4247197215441445,3.226738613816998,3.150538577473054,3.0721710206012975,2.9324360449963596,2.8499018917933046,3.0463493273153364
Quarterly,1.2244559470676173,1.1098991554895656,1.1026159587887319,1.1407640631688345,1.1299483568161968,0.9008163985235408,1.121689194121916
Monthly,0.8607029736971842,0.9305929042591058,0.9558692186819443,0.9160986314082552,0.8580230543249434,0.8066543378343537,0.9071950625198066
Weekly,2.6716281315460555,2.6076635613011763,2.82291157275461,2.6286137332940447,1.6916959697644656,3.6724029785514074,2.3677585405802755
Daily,9.325652090394717,3.3439227363030053,3.7881760749449342,3.3015884084314218,2.662757449884113,3.5465574922522642,3.1936467913230344
Hourly,NA,NA,NA,NA,NA,1.2033899143258997,1.2033899143258997
Total,1.1484401052009785,1.7440442101732232,1.4900905038511318,1.430603199271742,1.572829860916305,2.1275447563074614,1.553797119156525
