,Demographic,Finance,Industry,Macro,Micro,Other,Total
Yearly,9.919634992666246,14.599860706665597,17.32434258383304,14.237046720341327,10.883041036036063,14.079259489840345,13.672556184036363
Quarterly,9.999229449844156,11.158994642927958,8.945269142216786,9.535370340946308,9.960854856186614,6.570321867875102,9.816017330128643
Monthly,4.616709720971725,13.752568607829982,13.134582008827596,13.434300005551142,14.971307281935529,12.175560087162939,12.736536853695108
Weekly,21.884823790344043,3.6712496726872605,9.335284373147543,15.323265100536233,9.890958776239644,14.8193383730671,8.627314028037565
Daily,6.263242896356443,3.3722338058468933,3.8801811456054818,2.606807062636599,2.359167285764443,2.9176454693451928,2.984964837606587
Hourly,NA,NA,NA,NA,NA,15.562760831154849,15.562760831154849
Total,6.4772063242408455,12.68989269060688,12.720450376959999,12.460826406210716,11.942903715768324,10.161654907177528,11.835646122220133
