,Demographic,Finance,Industry,Macro,Micro,Other,Total
Yearly,3.069905462761741,4.32392894902012,3.735046915327361,3.9236944000863385,4.041634740313721,3.4504163622840043,3.9743602651736767
Quarterly,1.4045468159208374,1.3607052251064695,1.2843838759788475,1.4153944532761125,1.4337304595769258,1.1276513081553174,1.3713822709772716
Monthly,1.023376547944918,1.0930375143604163,1.0837290861975166,1.1109968862487378,0.993909418281641,1.0055398229512842,1.0633594479711064
Weekly,2.7311904585601923,3.277709365275865,4.8261090397804995,2.788953369525308,1.8275617390563224,3.830444873640125,2.7772949931974824
Daily,9.96819705184528,3.5143760195835934,3.824722764456225,3.232412664690892,2.71821935301442,3.5429133237065034,3.27842429595956
Hourly,NA,NA,NA,NA,NA,2.39504000694866,2.39504000694866
Total,1.3753831575124176,2.1778712708309347,1.7200673628870273,1.7776316396213308,1.997539900652388,2.5600359533202046,1.9121120906951377
