,Demographic,Finance,Industry,Macro,Micro,Other,Total
Yearly,11.653982528588221,17.86137961814868,19.01015331675041,16.622204584227894,13.985330213832821,16.01767018512171,16.342173488084775
Quarterly,11.033128109561751,12.574161896821725,10.015976509657323,10.489664536579323,11.366799900758947,7.453655389393234,11.011569928824992
Monthly,5.357159616887634,15.794754173052459,14.795694653637549,15.517717104971387,16.459109795179796,14.412809452886483,14.426828759881014
Weekly,22.397581019083052,4.021512058624873,15.733589270897712,15.835451079946948,10.331983011329836,15.916246072909395,9.161286913981998
Daily,6.393421881931781,3.517052381568302,3.8656685854303108,2.5560346764392734,2.3861333383415517,2.9184818931419985,3.0452517800791776
Hourly,NA,NA,NA,NA,NA,18.382878117865538,18.382878117865538
Total,7.403120287951241,14.788613325717566,14.204702618602441,14.278340167288881,13.740777407243566,11.605035208354773,13.564071418093448
