,Demographic,Finance,Industry,Macro,Micro,Other,Total
Yearly,2.4244745818707294,3.1078218200154324,2.9885307568669575,2.9904274620079754,2.943474667957314,2.673865988188196,2.9662640524781057
Quarterly,1.2297094294604878,1.1102426271127637,1.1125787190410823,1.1441500040690136,1.1218554298235552,0.8710507145703198,1.1217437751763426
Monthly,0.8701139987918111,0.9383729666105478,0.9614604287687263,0.8961470202891899,0.8375115628418268,0.8035456148293499,0.9023947078524789
Weekly,0.6483100502646539,3.1106451692931656,2.933035450671199,2.3258789071098103,2.0364059065273947,2.2889363438619528,2.4908334109286137
Daily,9.453951850692507,3.761685153866971,3.9542977568365116,3.2810076523374514,2.9111649866692315,3.607688080509147,3.4598898447843554
Hourly,NA,NA,NA,NA,NA,0.9137293387453136,0.9137293387453136
Total,1.150291732866978,1.7459136026863356,1.4672661343641025,1.4040126388052214,1.5809344154566567,2.0280352348387773,1.5435831730281513
