,Demographic,Finance,Industry,Macro,Micro,Other,Total
Yearly,9.657281325562627,13.999031800735555,16.3737834098788,13.587031320860683,10.648366066264094,13.20480191451134,13.112266317182891
Quarterly,9.919655733765618,11.078519679495422,8.984562137958639,9.338841733532954,9.828237964195962,6.2308683228085755,9.710638306007949
Monthly,4.638397682549776,13.809764900200861,13.223906090941682,12.827781152830832,13.93859470700205,12.022858524147825,12.407290853008405
Weekly,4.901092534548887,4.215327819402642,10.278352810777307,8.163021873215444,12.803740817230018,7.305532042827039,7.596042765797744
Daily,6.251126115715312,3.692795037277563,3.9858458003926485,2.5860182131972507,2.5437754573413063,2.967188334057232,3.184971080106126
Hourly,NA,NA,NA,NA,NA,9.351107884749023,9.351107884749023
Total,6.3948922649494895,12.562464473494899,12.59250761476843,11.947855442515056,11.422702851861242,8.984120844053711,11.502486163566182
