,Demographic,Finance,Industry,Macro,Micro,Other,Total
Yearly,2.4476884753772405,3.2433957794347634,3.1549512036179057,3.081471276426827,2.8689665953114405,2.877321500811262,3.0378798342188205
Quarterly,1.2677849771501872,1.1829106009518846,1.1542668492798716,1.22961373745563,1.225058746647722,0.990164220100028,1.1979151385619957
Monthly,0.8450207647964896,0.9678489761119125,0.995473577931871,0.9486625485752611,0.8567057188402467,0.8548371008012319,0.9288882020658941
Weekly,1.6898873377514223,3.7384272448463753,1.5970610491648554,2.4108508196730467,2.169048053545214,4.402364854177466,2.9466528535086844
Daily,9.430098738700597,3.7052288534917457,3.986430657846647,3.471248162737341,2.9694869222573916,3.675993998029146,3.4785289619739537
Hourly,NA,NA,NA,NA,NA,1.3719547845072644,1.3719547845072644
Total,1.147653510909839,1.8114595408606489,1.528867378806515,1.474274656905198,1.5986783407701146,2.2104664422751723,1.5953741278914157
