,Demographic,Finance,Industry,Macro,Micro,Other,Total
Yearly,9.975487233067247,14.630862199781568,17.357470707596875,14.336874577264982,10.727669202294958,14.401472724759707,13.679427171602486
Quarterly,10.335219978495559,11.876749212584782,9.337713573345761,10.061778849835122,10.589252830824613,7.323833746102334,10.377864331301085
Monthly,4.539894886520086,14.087335801479973,13.495958985742611,13.838432789527355,14.426380103263654,12.171118419001129,12.839120037006648
Weekly,13.153762034481886,4.834647755630792,5.828590856722774,9.51235927907698,10.304931982797337,9.907030062521018,7.817792588181226
Daily,6.25802390629903,3.651320037972314,3.9964299985547496,2.7802687720128523,2.618558113827193,3.095603434277339,3.221926785333334
Hourly,NA,NA,NA,NA,NA,13.465700167469862,13.465700167469862
Total,6.481276672886966,13.028759838392403,13.017864940618557,12.822596626447348,11.832071536864472,10.229833425727433,12.019738026044958
