,Demographic,Finance,Industry,Macro,Micro,Other,Total
Yearly,9.816178311411091,14.3285572075999,17.03838722359109,14.243553558306118,11.083340290322441,13.667887318377923,13.580312893507237
Quarterly,9.810424218692962,11.216768748478666,8.975174699982327,9.382672100751453,9.944123409961287,6.505086191260392,9.779577985262689
Monthly,4.4504413351190815,13.56865537303109,12.805710222315204,13.522173632451949,14.946931590074277,11.700168173412667,12.615938015461362
Weekly,10.496485775111262,3.6294308912850375,6.815547247291853,14.437336740885103,9.62227147706909,14.92501645059378,7.623289742262723
Daily,6.728699093948279,3.5413150123687256,3.917716293228862,2.6624293091585267,2.43059037064201,2.926209559375738,3.0799580256431898
Hourly,NA,NA,NA,NA,NA,11.33526354142494,11.33526354142494
Total,6.283773635536439,12.558695015846661,12.495848405363452,12.464160508444568,11.983336545430214,9.450488047821354,11.73074803712666
