,Demographic,Finance,Industry,Macro,Micro,Other,Total
Yearly,2.4135253124848552,3.1040429545972037,2.989319893391125,2.989057891164807,2.9438130307956905,2.690502303020437,2.9655603337363377
Quarterly,1.224836294692963,1.1136816436100896,1.110881966063658,1.1390452583857895,1.1260707909891217,0.8810051476434502,1.1220844914297838
Monthly,0.8680224218289133,0.9388959241485383,0.9600990421184826,0.8965053511636562,0.8369673244103316,0.8019911406672872,0.9019220746745867
Weekly,0.6514461555362309,3.117204384849357,2.954889266156258,2.3294596391162505,2.0423489213519934,2.3405089927090645,2.4983916288378816
Daily,9.346919230424167,3.756463918035521,3.9457123197465886,3.3008848037213205,2.919382700336431,3.6044702407423306,3.4598386414984104
Hourly,NA,NA,NA,NA,NA,0.9080607018571,0.9080607018571
Total,1.1463938571194452,1.7455993896765125,1.4660923736519573,1.402661391097223,1.5823042111137298,2.0353025155894495,1.5432777271756641
