,Demographic,Finance,Industry,Macro,Micro,Other,Total
Yearly,9.627796086449926,13.99094220475192,16.369092244890243,13.59564352829298,10.645574781888724,13.247156240452634,13.110764821085358
Quarterly,9.8861679134101,11.093245807701923,8.953911441093268,9.31139807215921,9.807908130914555,6.290198454433799,9.696340237918463
Monthly,4.618256091639564,13.829707602820813,13.220110340158225,12.88830763749925,13.982325575194134,11.894934346825442,12.430550477114316
Weekly,4.896389593552061,4.23759852274176,10.556138259561115,8.20827216713745,13.009562953120474,7.276341657410257,7.67894887750228
Daily,6.249812022266436,3.6883925310401287,3.9772411221848105,2.591218936227248,2.5503968505662336,2.9667265756969194,3.184884388083508
Hourly,NA,NA,NA,NA,NA,9.322760007922337,9.322760007922337
Total,6.370799780495269,12.572299208789797,12.581892328697007,11.973445557437321,11.43751661406928,9.000372492272374,11.510050510952182
