,Demographic,Finance,Industry,Macro,Micro,Other,Total
Yearly,2.4007345832665017,3.195805062914134,3.122710348092075,3.0679655626077267,3.0825275705953845,2.777709214973355,3.0700278861474444
Quarterly,1.203817673183663,1.106740773201074,1.1009298028846375,1.1293153095634232,1.1266841163716232,0.9014910911026066,1.1157371930145967
Monthly,0.8255989834023452,0.9493230745018065,0.9222008133549999,0.898342848484519,0.8503389664625499,0.7858706754675613,0.8946860790712918
Weekly,1.370201671692266,2.4633260538316972,1.5408838809918748,2.5357922228158585,1.6422014704296395,2.9780534524846227,2.144140121137463
Daily,10.364875186681317,3.5868619249037272,3.850683199721576,3.389739511469902,2.782135925551707,3.5503735004461556,3.3367922174639673
Hourly,NA,NA,NA,NA,NA,0.8134477411786462,0.8134477411786462
Total,1.1155554699454833,1.757869157560968,1.4671383518691188,1.4178356267756336,1.6145967579026377,2.0511749951864244,1.5553917523208562
