,Demographic,Finance,Industry,Macro,Micro,Other,Total
Yearly,0.8081126608470193,0.7493251002467001,0.8323965423072567,0.7882997739283644,0.7420025068455727,0.8031000086470756,0.7731393448825994
Quarterly,0.8881744786275181,0.8506281657063675,0.8826310554839949,0.8465819557643903,0.824598201736767,0.814801400959691,0.8506225799413708
Monthly,0.8554371718797757,0.8647000880516178,0.8885143177803057,0.8187755093127886,0.8444790489697989,0.8122466934319581,0.853744059398413
Weekly,0.2305929345775764,1.0114125948667532,0.6566088787278708,0.6831037768278574,1.1792306317409234,0.5257453924604649,0.86980043655393
Daily,0.9572231358487702,1.0628616373826976,1.03054727328501,1.018599801750545,1.0682534343768317,1.017556154112285,1.0515031141972717
Hourly,NA,NA,NA,NA,NA,0.44490263332083346,0.44490263332083346
Total,0.8487349512890519,0.8247850191928113,0.8697144645567503,0.813298165889317,0.8104688980823633,0.7858152033281697,0.8272212476824127
