,Demographic,Finance,Industry,Macro,Micro,Other,Total
Yearly,2.516638002183211,3.261331127175211,3.1430219718039005,3.058860264432484,2.7649959986232977,2.8591027437398355,3.0099267762606514
Quarterly,1.251137223434978,1.1884963642379895,1.1533955165219196,1.235817815130711,1.2192065671778893,1.0098656804352142,1.198308759122658
Monthly,0.9262646132176896,0.9825978630303057,1.0235799827189673,0.9981902157131377,0.8914785587761329,0.9146486398807063,0.9664553160191333
Weekly,2.7554605857121914,2.9456960743408596,4.638382211884742,2.7887114536122626,1.7834527817784644,3.5561589700568543,2.6011512320843315
Daily,9.801585001044291,3.4738032004283843,3.824599565130088,3.4680042706516105,2.6785834216394324,3.525886716993967,3.253742138758689
Hourly,NA,NA,NA,NA,NA,2.557429384050547,2.557429384050547
Total,1.2095206380450128,1.8040330519732444,1.538609248536414,1.4977708592956016,1.5665968869820863,2.3258884034275975,1.601237383197049
