,Demographic,Finance,Industry,Macro,Micro,Other,Total
Yearly,2.431357813065903,3.207353824111034,3.1095765313356716,3.0942217418554616,3.0733536454392887,2.796710652206397,3.075496699043488
Quarterly,1.2085868742927524,1.108266021906922,1.0958311868449457,1.127437524357663,1.1291401798908045,0.8978676883723329,1.1155279639659066
Monthly,0.8265101460045958,0.952429035859802,0.921867818777454,0.9010042465913257,0.8535311497576888,0.7812069610760551,0.8966945472513478
Weekly,1.4199302851242617,2.42383627136919,1.7715538200380865,2.4856697989502288,1.6648768131620824,3.2260170593438384,2.1429182947381507
Daily,11.256897479930966,3.591090483977137,3.8266816584234977,3.439503776004184,2.762853685966421,3.561389686944433,3.3344761714541407
Hourly,NA,NA,NA,NA,NA,0.8170383201119088,0.8170383201119088
Total,1.122159982890242,1.7626630283427598,1.462642174324666,1.4241967774245465,1.6131601559634656,2.060044608617376,1.5574759745738593
