,Demographic,Finance,Industry,Macro,Micro,Other,Total
Yearly,2.428708998806139,3.1018688281879414,2.992273697538406,2.988500175208105,2.943004455819405,2.694990477598535,2.966056299478594
Quarterly,1.2307820426235736,1.1108886294651068,1.1145786916626845,1.140765418809487,1.1191171377694737,0.8776602133373415,1.1211578359428476
Monthly,0.8687840583947426,0.938696380819629,0.9574739747441646,0.8947972753913014,0.8381261006039391,0.801715291133765,0.9013264089094587
Weekly,0.6483073599510567,3.118465222349869,2.958222156739516,2.3592872100692195,2.0119052630349956,2.2265393655893875,2.4889126560013124
Daily,9.392943053897419,3.7702830312040203,3.954015736080518,3.291748683159632,2.912761007614804,3.6067171649176024,3.463623045234353
Hourly,NA,NA,NA,NA,NA,0.9169994494640822,0.9169994494640822
Total,1.1501047679787058,1.745214956731358,1.466376807738648,1.4021418798836705,1.5804088568268493,2.0371450859326976,1.5430464260607628
