,Demographic,Finance,Industry,Macro,Micro,Other,Total
Yearly,9.678979293661424,13.98217187620932,16.378368981666284,13.587877031427789,10.647088419030618,13.259021115243847,13.111948926265605
Quarterly,9.943452129223958,11.087154608355643,9.021746831193708,9.313137769885634,9.802328380106605,6.260789822724602,9.710460691729613
Monthly,4.620032161592339,13.812109870233499,13.195918410970451,12.83995399288374,13.977805405914253,12.050917571741547,12.411462662053129
Weekly,4.8852996528471,4.2300875483561935,10.384042063187865,8.153698253847164,12.841190317012556,7.1383146424878445,7.60852512980743
Daily,6.244207779723348,3.697330287349321,3.9850766208645667,2.5956309759695317,2.5443041410217067,2.9681581379787967,3.1871692635950866
Hourly,NA,NA,NA,NA,NA,9.348645335915403,9.348645335915403
Total,6.39054857816586,12.56128870459354,12.587689142525331,11.947311475914061,11.433489968131255,9.012708905612442,11.504500538520714
