,Demographic,Finance,Industry,Macro,Micro,Other,Total
Yearly,2.44378685502452,3.281416204793999,3.194016091365413,3.130023696879412,3.0698450681883287,2.862188763931406,3.1193109125994347
Quarterly,1.2101340585973817,1.1175844041606369,1.1063390543313802,1.1427478911486182,1.1389811530805822,0.9101450371542481,1.1260398158341403
Monthly,0.8475377002857186,0.9286644919913386,0.9503035221206335,0.9119115789580791,0.8680909457711966,0.807156580587115,0.9054522912361167
Weekly,1.4052361758979919,2.524104826583786,1.834402679950028,2.4740323807276052,1.6338500115246417,2.6730876184404675,2.159300435049777
Daily,3.7067866138172563,3.1745352490484007,3.7548243198676237,2.210914648742723,1.5657370770367325,3.1542803262561763,2.639975801988524
Hourly,NA,NA,NA,NA,NA,0.8728020903003958,0.8728020903003958
Total,1.1291638333414022,1.7480487454740137,1.4955734998720533,1.4331571690145155,1.5504410992474893,2.0187953754745736,1.5452652318571323
