,Demographic,Finance,Industry,Macro,Micro,Other,Total
Yearly,2.415726075699283,3.1066993999078343,2.9909167977534112,2.9848538803603675,2.943823978850371,2.681264158422936,2.96546863249533
Quarterly,1.2272168033688406,1.113691346264336,1.1122236986467053,1.1429667608382525,1.1236027644202584,0.8762953822399802,1.1226097993549728
Monthly,0.871449813043484,0.9378185518707167,0.9589299113994612,0.8957176106468833,0.8359089010724863,0.8112438901975748,0.9014875045020816
Weekly,0.658519609897163,3.1375852991230984,2.931361181938751,2.3354815749695703,2.0473156022600145,2.393659679365283,2.5117956405699435
Daily,9.410485452825046,3.7717080454865735,3.953870373139579,3.2956774642128193,2.9185710381613155,3.605802449658872,3.4661854354913433
Hourly,NA,NA,NA,NA,NA,0.9181160987477841,0.9181160987477841
Total,1.1495237305120523,1.7469297807656656,1.4662916532674466,1.402461931742589,1.5812276662785574,2.033182861420162,1.5435321448367674
