,Demographic,Finance,Industry,Macro,Micro,Other,Total
Yearly,-0.00246,-0.00038,0.00009,0.00117,0.00279,-0.00474,0.00048
Quarterly,0.00275,0.00037,-0.00274,0.00392,-0.00104,-0.01001,0.00013
Monthly,-0.00660,0.00149,-0.00062,-0.00025,0.00557,-0.01034,0.00098
Weekly,-0.00673,0.00371,-0.01161,0.00175,-0.00544,-0.00683,-0.00080
Daily,-0.00014,0.00134,0.00121,0.00066,-0.00099,0.00140,0.00069
Hourly,NA,NA,NA,NA,NA,0.03358,0.03358
Total,-0.00314,0.00039,-0.00049,0.00136,0.00333,0.00138,0.00099
