,Demographic,Finance,Industry,Macro,Micro,Other,Total
Yearly,9.918027910347684,14.416058055942022,16.981921757565207,14.202386337481839,11.037679418831154,13.808533532970673,13.588395048622449
Quarterly,9.862196069092935,11.190378589179682,8.927752619682854,9.371463997138035,9.955519456186801,6.498160667312304,9.768716168933917
Monthly,4.432845040346855,13.58946521124141,12.812378734372972,13.537677693129309,15.045582733226238,11.474721732215336,12.644481990413567
Weekly,10.799228353054772,3.577471505605251,7.344539118555521,14.356442787124296,9.736556919594092,14.71175169907117,7.647920868410578
Daily,6.888131189203008,3.606828429268243,3.8953317867457415,2.728037678434837,2.4210975425289814,2.9371495930238516,3.1025476736906605
Hourly,NA,NA,NA,NA,NA,11.440880709217327,11.440880709217327
Total,6.296988268983143,12.589369929881585,12.476210206828641,12.461071009885426,12.017233126688838,9.495118491459953,11.74518197095485
