,Demographic,Finance,Industry,Macro,Micro,Other,Total
Yearly,9.882094223405124,14.57929614704525,17.114997557995775,14.125272675390988,11.583042637117314,14.259884154264242,13.820850863102562
Quarterly,9.966868363994863,11.525151258932256,9.200667578854436,9.801732811001896,10.259161975327828,6.994515007280835,10.0928952031388
Monthly,4.782237662594841,14.006074158401765,13.470123929622428,14.133728333530378,15.48682716340363,12.672696467028237,13.151027365439399
Weekly,22.455194745435325,3.762285261351011,13.222903371929343,16.29431347587179,10.046468452090478,16.541701218656048,8.988993344714036
Daily,6.427311253680666,3.382764969914929,3.9510710647732226,2.5661480043557066,2.4616066702617028,2.9118263940155993,3.02999149260463
Hourly,NA,NA,NA,NA,NA,9.76471791871794,9.76471791871794
Total,6.576253451210118,12.878407155805982,12.92370184600772,12.874164507794518,12.428508096144368,9.679979330148502,12.11435784136121
