,Demographic,Finance,Industry,Macro,Micro,Other,Total
Yearly,9.870153247769089,14.435986037997553,17.012917067643837,14.223722678985583,11.01621707622655,13.73776081205713,13.59050407004722
Quarterly,9.816761491313414,11.195245726639383,8.948284919891401,9.363458794141806,9.922513957946794,6.525562049364076,9.761178581635246
Monthly,4.4469493507753075,13.594436636947284,12.79567130310725,13.540592279269859,14.961023078960542,11.695917358294334,12.626368243099517
Weekly,12.064156691539695,3.6349329740783736,7.269946448012477,14.974782391097046,9.618097835122851,14.652194629054266,7.789158267830834
Daily,6.978012459488016,3.611318947609264,3.899620529855758,2.655901099293753,2.411927002585795,2.941583837713602,3.1001375232534047
Hourly,NA,NA,NA,NA,NA,11.580876588132526,11.580876588132526
Total,6.2941795304164065,12.598613029257873,12.47857014764827,12.465509271918155,11.96572862132708,9.511887862673523,11.736147849660673
