,Demographic,Finance,Industry,Macro,Micro,Other,Total
Yearly,9.680058822541188,14.077899387971804,16.382782321127817,13.71368080772649,10.65700266150135,13.47681479677915,13.175716169421566
Quarterly,9.869798062808467,11.068492687715471,8.956191971953423,9.28740004618657,9.786395752956148,6.2785549517739145,9.678911849772504
Monthly,4.542504989439853,13.73170676433368,13.076522482354525,12.482165821862466,13.289267500625334,11.874234075285145,12.125781313228824
Weekly,4.916018583794295,4.07939755574499,10.194551965775688,8.846815440006129,13.454725600168782,7.376059821394296,7.817087395720844
Daily,6.159481071360856,3.5648541345348095,3.959372906357829,2.5510411088026297,2.6662656829505695,2.9219214193912895,3.169866193580331
Hourly,NA,NA,NA,NA,NA,9.328442677683942,9.328442677683942
Total,6.323959191072479,12.537257309575985,12.508130102313123,11.782038035443396,11.14134127098082,9.071143498938035,11.374401933701087
