,Demographic,Finance,Industry,Macro,Micro,Other,Total
Yearly,2.4297881699383184,3.127992556517186,3.0017965242885283,3.0114090875685,2.935963380334329,2.7502880417881275,2.979907963397389
Quarterly,1.2297472298458672,1.1087979020393253,1.1096927011242368,1.1367993369288196,1.1159598811748765,0.8843492639416711,1.1182423896768416
Monthly,0.8446525401875357,0.930374084909751,0.9496828092094243,0.8749223086215734,0.8064680131299076,0.8072108485626918,0.8835618377761314
Weekly,0.6669464101280198,2.7647285755067115,3.116606937013641,2.5981165764264293,2.0099860436951316,2.167451479854986,2.355912189787894
Daily,8.971843796767995,3.598189566170067,3.9286647965327353,3.2441475411623864,3.0818885782508776,3.553450459768393,3.446274174597334
Hourly,NA,NA,NA,NA,NA,0.8930458323756555,0.8930458323756555
Total,1.1337132273715507,1.7346771597456419,1.4623837549196153,1.3955968201768556,1.5739174192027114,2.0462554761148426,1.5356956311039947
