,Demographic,Finance,Industry,Macro,Micro,Other,Total
Yearly,9.972107865486464,14.631802140192818,17.355501475050822,14.347022017536162,10.721277919482397,14.37235534822854,13.677556007534207
Quarterly,10.318021967665135,11.871495868631643,9.346148370868507,10.062542473059432,10.587151791231138,7.3343606399454355,10.377022890658516
Monthly,4.542302794606327,14.01519704925602,13.460544521298255,13.822665327244637,14.412941070889186,12.175049420577368,12.809164327452473
Weekly,13.22464741114259,5.065593441934616,5.8810947524683925,9.409181611622719,10.326778817737956,9.813244530952726,7.920807907783077
Daily,6.261905577640858,3.648538267303596,3.9884887857357407,2.780918621970229,2.6184199234120387,3.069872155244338,3.216235161651099
Hourly,NA,NA,NA,NA,NA,13.46555961246716,13.46555961246716
Total,6.478968669582022,12.996934955506001,13.000523288804475,12.816493619601177,11.824122610896849,10.217245138686575,12.004855630135683
