,Demographic,Finance,Industry,Macro,Micro,Other,Total
Yearly,2.421468021984565,3.0983829136081207,2.9974807471553615,2.983416107493963,2.9298575886490332,2.6897420312899394,2.960685087433503
Quarterly,1.232525621018547,1.1129482836370888,1.1137088800202393,1.1402250300846808,1.1249345015658303,0.8833747908883626,1.12312551056858
Monthly,0.8686665125561921,0.9362515318124344,0.9589563770936078,0.89762661429154,0.835797731905059,0.8016808829159444,0.9011199432137843
Weekly,0.6556065046576477,3.1593186499436596,3.0405569752967114,2.3590328974421793,2.0664245846566143,2.2852858392403097,2.528382977442557
Daily,9.377432677664657,3.7752879274136997,3.9474359899818894,3.29944291484821,2.9097465092975034,3.6066073335282245,3.463937481291497
Hourly,NA,NA,NA,NA,NA,0.9148312874498716,0.9148312874498716
Total,1.1494970691986646,1.7442303161309922,1.4678600857566717,1.4024815416026208,1.5774300435044935,2.0366168095894714,1.5423301991420344
