,Demographic,Finance,Industry,Macro,Micro,Other,Total
Yearly,9.643078910723467,13.969092709561542,16.391786285614973,13.567718405266035,10.616069343042819,13.241146806751027,13.095512470415454
Quarterly,9.916834555193086,11.107211583202504,8.99581759415908,9.31037175986364,9.82745977550656,6.3074841544673195,9.715197907599684
Monthly,4.618141615841097,13.786305861643568,13.2001474309846,12.873560288078952,13.957961704952357,11.922696925034078,12.40794856456405
Weekly,4.953037828470727,4.258560669649447,10.749114574195998,8.240115379877336,12.685205540833943,7.239977374030864,7.596766085759676
Daily,6.225346422593724,3.698117120029061,3.9778129148190313,2.5981138921749736,2.5437287266618704,2.968488461717792,3.1866128141782206
Hourly,NA,NA,NA,NA,NA,9.335490266707478,9.335490266707478
Total,6.3793052372603025,12.550834917434832,12.586152387229085,11.960046174606159,11.422040744649594,9.006530168800008,11.5000501206175
