,Demographic,Finance,Industry,Macro,Micro,Other,Total
Yearly,2.4076955482687,3.2026764560413707,3.1087811527363516,3.077448903438611,3.0771468057380096,2.7617351289817007,3.069276499097177
Quarterly,1.2064136551328484,1.1105919028775142,1.094122243432798,1.125943950717337,1.1285490136453513,0.9023766824057737,1.1152271303085521
Monthly,0.8252508197005587,0.9395996422458656,0.9228386528342603,0.9025242982302762,0.854492411638081,0.7863055200136368,0.8943766010849262
Weekly,1.4755869954904701,2.423189270922309,1.7169104562565873,2.5278056845238934,1.5959713991329643,2.922634666653454,2.1186045594116476
Daily,9.644948377420915,3.6448604851697897,3.8367316129998845,3.4027659921253552,2.773578850387075,3.5440923001850364,3.351539742201385
Hourly,NA,NA,NA,NA,NA,0.824899131973427,0.824899131973427
Total,1.1162137798190144,1.7595879720741807,1.4627889457933612,1.421046791739176,1.6147487254364004,2.0457204965864775,1.5555269741534228
