,Demographic,Finance,Industry,Macro,Micro,Other,Total
Yearly,0.8345760087748186,0.7810664836543544,0.8658128977783186,0.810375880933025,0.7131483025994928,0.8523301170754313,0.7877121950807859
Quarterly,0.901322622622492,0.8971890866482537,0.9074039830781826,0.9065182914202694,0.8817076909353885,0.9233659296532933,0.8979989739974881
Monthly,0.9103881764913484,0.8936342185089706,0.9320670683644603,0.9004531365729569,0.896187160444068,0.896795167841901,0.9050506164671466
Weekly,1.009224151368565,0.926139968019837,0.9014523269380321,1.023427092517028,0.9864015057099345,0.9872626588273639,0.9675788922136643
Daily,0.9931628520743113,0.9925357273395482,1.0016257856964463,1.0526959414678405,0.9904883278917931,0.9975525361013586,0.9955264805389363
Hourly,NA,NA,NA,NA,NA,1.0117098297093459,1.0117098297093459
Total,0.8908489663815042,0.8492991487775106,0.9031623409632328,0.8693445822692425,0.821975026770539,0.9096258102297295,0.8605804064794724
