,Demographic,Finance,Industry,Macro,Micro,Other,Total
Yearly,-0.00684538243431132,-0.0017404309615576263,-0.0029090208725527367,-0.003921317968605509,-0.0035318559691177587,-0.006761467732107618,-0.0032234888901429004
Quarterly,-0.0019448241271247113,-0.004701075869131488,-0.004311017882453805,-0.0018815094565433066,-0.0027398741913096103,-0.002711219537369969,-0.0032181395700336957
Monthly,-0.00299047318072454,-0.005646597971586842,-0.0018726347352607808,-0.0010559655628643583,0.0019570099763169813,-0.004126889781978282,-0.0017095096880604954
Weekly,-0.01963458773716109,-0.007375672069640071,0.004357429900749887,-0.015952368651110382,-0.003411862540828814,-0.0005849749108531865,-0.008770937292218894
Daily,-0.07652709281633185,0.004684892661083184,-0.001793582249764114,-0.0028881363998316534,0.000939860935343928,0.0003757217203395058,0.001451421007970355
Hourly,NA,NA,NA,NA,NA,-9.125050192493322e-05,-9.125050192493322e-05
Total,-0.004200807534533113,-0.0026742835934088216,-0.002590300023689651,-0.002086578374130177,-0.0010501727106170256,-0.0038112179615649167,-0.0022631963524787357
