,Demographic,Finance,Industry,Macro,Micro,Other,Total
Yearly,-0.00685,-0.00174,-0.00291,-0.00392,-0.00353,-0.00676,-0.00322
Quarterly,-0.00194,-0.00470,-0.00431,-0.00188,-0.00274,-0.00271,-0.00322
Monthly,-0.00299,-0.00565,-0.00187,-0.00106,0.00196,-0.00413,-0.00171
Weekly,-0.01963,-0.00738,0.00436,-0.01595,-0.00341,-0.00058,-0.00877
Daily,-0.07653,0.00468,-0.00179,-0.00289,0.00094,0.00038,0.00145
Hourly,NA,NA,NA,NA,NA,-0.00009,-0.00009
Total,-0.00420,-0.00267,-0.00259,-0.00209,-0.00105,-0.00381,-0.00226
