,Demographic,Finance,Industry,Macro,Micro,Other,Total
Yearly,9.645701541708013,13.988733814566249,16.384131521237112,13.585655663722955,10.61722436498939,13.272819101642531,13.105041004821432
Quarterly,9.938288126395898,11.07355921654275,8.975172961038215,9.303851051427774,9.824531337947409,6.424523121989035,9.707471145676598
Monthly,4.62950296466403,13.801331917038047,13.20660689939254,12.832814816759718,13.89118798715531,12.09307418289779,12.39130522870138
Weekly,4.871972723881327,4.281912009277932,10.666854217760275,8.202599079089623,12.836092750917796,7.326718562497205,7.6463276136399125
Daily,6.251728602884509,3.712657174583596,3.9880079290462875,2.5908644616406047,2.564876633910988,2.9742430084002005,3.2010841471162803
Hourly,NA,NA,NA,NA,NA,9.361257913097537,9.361257913097537
Total,6.3914906096944755,12.556586258176868,12.583191378648282,11.940707243963814,11.394382389695021,9.065573372680543,11.493294766639679
