,Demographic,Finance,Industry,Macro,Micro,Other,Total
Yearly,0.00284,0.00480,0.00130,0.00685,-0.00053,0.01783,0.00366
Quarterly,-0.00212,-0.00229,-0.00241,-0.00347,-0.00388,0.00291,-0.00282
Monthly,-0.02077,-0.00601,-0.00950,-0.02085,-0.03389,-0.00508,-0.01803
Weekly,0.00269,-0.07647,0.00463,0.06478,0.02073,-0.01570,-0.01691
Daily,-0.02884,-0.04378,-0.00635,-0.01487,0.05624,-0.01555,-0.00575
Hourly,NA,NA,NA,NA,NA,-0.00500,-0.00500
Total,-0.01023,-0.00374,-0.00424,-0.00780,-0.01118,0.00548,-0.00660
