,Demographic,Finance,Industry,Macro,Micro,Other,Total
Yearly,2.427178791216327,3.1091688659221224,2.992234195104965,2.9930650625900936,2.9373309070202396,2.683451539484012,2.966588397521273
Quarterly,1.2299628394193116,1.1109482607084662,1.1113968605944247,1.1403639263611096,1.1220073222544058,0.884817894021458,1.121386856174386
Monthly,0.8702946070255465,0.9394728323792189,0.9617562340887742,0.8945711891300556,0.8326908433281328,0.8042152635678668,0.9013025495650295
Weekly,0.6459207189391277,3.174547793492033,2.88436463214382,2.4009177424827444,2.081326561070879,2.3938502444916767,2.545143533135727
Daily,9.44199090000524,3.779163404394003,3.9555121067532513,3.289199715694807,2.916155021717656,3.6088076597800867,3.4685853300424556
Hourly,NA,NA,NA,NA,NA,0.9133476904228859,0.9133476904228859
Total,1.1507821538563785,1.7484544695091744,1.467876050925434,1.4029047639191892,1.5777592031563725,2.0355276708026935,1.543608827326188
