,Demographic,Finance,Industry,Macro,Micro,Other,Total
Yearly,0.8196844331340019,0.7786645004164725,0.8756897679220699,0.8156683828611443,0.7745549876274542,0.8536930027329164,0.805814655991077
Quarterly,0.8814337945399556,0.851349721835207,0.8737123031812359,0.8527695905601178,0.8302727040760152,0.838276791931113,0.8521397363525087
Monthly,0.8569478178104668,0.8615940117637871,0.8905534130475727,0.8591404365006441,0.8914384892964787,0.8383107317011758,0.874014254587517
Weekly,0.5320732613905816,0.8483700019141946,0.41520745222986644,0.6748578409241117,0.9265361824977152,0.6337555371099288,0.763723192902835
Daily,0.9791074855111376,0.9675208516330405,0.9975333889891334,1.007477043365645,0.9895875721656153,1.0032266452258913,0.9838845355286467
Hourly,NA,NA,NA,NA,NA,0.6398307773859175,0.6398307773859175
Total,0.8524463270546734,0.8295904291105631,0.8823860100349465,0.842986421049041,0.8403524344268207,0.8434895151290813,0.8465434927110922
