,Demographic,Finance,Industry,Macro,Micro,Other,Total
Yearly,9.898601190946978,14.429872487029598,16.92152967599836,13.9820164966099,10.379471263660962,14.032036554926702,13.36933964368166
Quarterly,10.060765261477949,11.580007276199654,9.182580477378663,9.859345835943747,10.378362959358917,7.089797976789058,10.154887896373884
Monthly,4.9053903559267775,14.030600977965724,13.606655085621211,14.003850751948091,14.738027870352536,12.740646423134823,13.001911186753457
Weekly,22.611747165209547,3.834810307647332,13.244579936720369,16.57878181388218,10.30035086401121,16.650496224347993,9.148283030278874
Daily,6.4128583053095,3.5051516229518684,3.8783626010617223,2.639125603516091,2.3755346952780254,2.918221836122985,3.040932473391502
Hourly,NA,NA,NA,NA,NA,17.56699624785126,17.56699624785126
Total,6.679773360742218,12.869810489880718,12.952124185527742,12.79516037737529,11.812766709974694,10.568870618152099,11.987148499013204
