,Demographic,Finance,Industry,Macro,Micro,Other,Total
Yearly,2.3925959454247954,3.2006032864888905,3.1070490249912965,3.067451657108422,3.0594215774983846,2.7485774034682238,3.060246745746783
Quarterly,1.2025222627967287,1.100898115946383,1.0928253832358343,1.1251114284111954,1.123352472896857,0.8980603984572584,1.11088973103944
Monthly,0.8237448491870171,0.9410017169274814,0.9201981723123605,0.8986981144193422,0.8533194939209173,0.7779034865177605,0.8928508849510334
Weekly,1.3767749150952433,2.399023475074727,1.7059899334226196,2.503038969261692,1.6212629532098217,2.975041472845922,2.1075903444246733
Daily,9.707200144015093,3.6265060395519018,3.822437928575369,3.388731741297283,2.769300930659261,3.562983963584277,3.344473545471262
Hourly,NA,NA,NA,NA,NA,0.8185976673772937,0.8185976673772937
Total,1.1123054488337352,1.7563767000559425,1.460482780957784,1.416688222998052,1.6081896115090217,2.042336910688065,1.5513648521942334
