,Demographic,Finance,Industry,Macro,Micro,Other,Total
Yearly,9.789925757392359,14.346624545917335,16.914598181834368,14.157752678756346,11.000706896508834,13.704238363018382,13.528282630166302
Quarterly,9.81177487065812,11.15377178255565,8.889841439037712,9.353678065514062,9.908466655343114,6.47634443411975,9.73287657866018
Monthly,4.422233805404059,13.55709929206731,12.783528394357859,13.556711226383289,15.06801356620522,11.57057662396488,12.639490152978668
Weekly,10.89956157969796,3.587371127959265,7.19827840875013,14.372118140908993,9.598048228025517,14.987608676467246,7.624505745917285
Daily,6.487814876223107,3.5941462740259618,3.9052363149845046,2.6641957217636127,2.42542557396241,2.9354939233939596,3.097376525250308
Hourly,NA,NA,NA,NA,NA,11.505701929598262,11.505701929598262
Total,6.263061529370154,12.547479316435508,12.438591601136965,12.456661012642433,12.005809855990927,9.469568179668972,11.720282344585007
