,Demographic,Finance,Industry,Macro,Micro,Other,Total
Yearly,0.00401,0.00155,0.00214,0.00292,0.00368,-0.00046,0.00244
Quarterly,-0.00052,-0.00007,-0.00042,0.00071,-0.00102,0.00119,-0.00022
Monthly,0.00013,-0.00078,-0.00022,0.00010,-0.00010,0.00018,-0.00023
Weekly,0.00000,0.00107,0.00000,-0.00033,-0.00435,0.00000,-0.00096
Daily,0.00520,0.00451,-0.00449,0.00543,0.00082,-0.00263,0.00131
Hourly,NA,NA,NA,NA,NA,0.00000,0.00000
Total,0.00089,0.00066,0.00049,0.00130,0.00125,-0.00042,0.00087
