,Demographic,Finance,Industry,Macro,Micro,Other,Total
Yearly,2.422476210831508,3.1071020521789463,2.9955675279921428,2.992124271590601,2.951988506542426,2.69040275597267,2.9706991749449054
Quarterly,1.231777426843521,1.115600105928487,1.116474268103984,1.144276708156902,1.1186123781117752,0.8846855828739685,1.1235467688123764
Monthly,0.8691624617033995,0.9365813086471104,0.9597257870309821,0.8955365190322921,0.8366846635858156,0.7969634265680047,0.9011546136265237
Weekly,0.6396325820945165,3.1378649883544725,3.0221644161402494,2.334781967202719,2.063630212693603,2.271375585303966,2.5131007745344998
Daily,9.328725085254224,3.7522013893565695,3.9439718742831076,3.300751642178563,2.8973118810331324,3.600128821227872,3.449688830519458
Hourly,NA,NA,NA,NA,NA,0.9162589185372649,0.9162589185372649
Total,1.149689663518582,1.7456577607527621,1.4684903947946886,1.404221576626713,1.5813192339113924,2.0357343461922746,1.544099939862415
