,Demographic,Finance,Industry,Macro,Micro,Other,Total
Yearly,0.00038,-0.00012,0.00003,-0.00022,0.00039,0.00076,0.00009
Quarterly,0.00077,0.00034,-0.00056,-0.00007,0.00012,-0.00089,0.00003
Monthly,-0.00025,0.00328,0.00201,0.00087,0.00092,0.00222,0.00164
Weekly,-0.00424,-0.03376,-0.00398,0.00524,0.00150,0.02999,-0.00658
Daily,-0.00093,0.00026,0.00192,-0.00009,0.00017,0.00473,0.00107
Hourly,NA,NA,NA,NA,NA,-0.00032,-0.00032
Total,0.00018,0.00120,0.00089,0.00037,0.00051,0.00071,0.00073
