,Demographic,Finance,Industry,Macro,Micro,Other,Total
Yearly,9.662446144460453,13.989888434319571,16.392693996327104,13.596166937705732,10.664378207938983,13.22492309524475,13.12015757504116
Quarterly,9.935659492539424,11.112694341766455,9.01156496144684,9.342506932649332,9.810246832008527,6.3006878708583205,9.723463784602165
Monthly,4.621548880082612,13.794748471423267,13.221719643778616,12.843125955293575,13.94790994780808,11.958098838116198,12.406344869498755
Weekly,4.856443804802271,4.267573234370665,10.60867449415312,8.194636241940763,12.956510982655457,7.168310837624618,7.669130236059721
Daily,6.225445389966181,3.6867567909618475,3.975394980499716,2.5966108894065463,2.534626392791771,2.962604634767543,3.178077086657966
Hourly,NA,NA,NA,NA,NA,9.347746164026425,9.347746164026425
Total,6.387716792907607,12.560665341545368,12.60161251287613,11.958754929491374,11.426772027992785,9.001981003182845,11.506882253043281
