,Demographic,Finance,Industry,Macro,Micro,Other,Total
Yearly,-0.00089,-0.00054,0.00051,0.00014,-0.00030,-0.00092,-0.00020
Quarterly,-0.00006,0.00014,-0.00024,-0.00001,0.00001,0.00000,-0.00001
Monthly,0.00009,-0.00006,0.00000,0.00006,-0.00006,-0.00033,-0.00001
Weekly,0.00000,0.00001,-0.00001,0.00000,-0.00001,0.00002,0.00000
Daily,0.00001,-0.00000,0.00000,-0.00000,-0.00001,-0.00023,-0.00004
Hourly,NA,NA,NA,NA,NA,-0.00000,-0.00000
Total,-0.00016,-0.00018,0.00012,0.00003,-0.00012,-0.00051,-0.00008
