,Demographic,Finance,Industry,Macro,Micro,Other,Total
Yearly,-0.0008885312667561429,-0.0005441277913138531,0.000512640210430737,0.00014164620399070849,-0.0002953173466752057,-0.0009213118168044376,-0.0002044358683509495
Quarterly,-6.02242947823628e-05,0.00013984834488600661,-0.000235469567019031,-1.2969799440321061e-05,1.0833710532343055e-05,2.786724236369942e-06,-1.220192501039108e-05
Monthly,9.207832546620498e-05,-6.145526275869173e-05,1.8979942879582268e-06,6.438415504794737e-05,-5.607017538244996e-05,-0.0003289926816459898,-9.419035513769103e-06
Weekly,8.824237283100445e-07,1.1953593860969391e-05,-9.204650890382027e-06,7.624784172932664e-07,-6.0293248855813886e-06,1.853501407544922e-05,2.978239756257217e-06
Daily,1.1216429489979696e-05,-7.0895973880436e-07,1.3047707023705613e-06,-4.048557243008233e-06,-9.923783892751281e-06,-0.00022573205295062237,-3.7557665630405523e-05
Hourly,NA,NA,NA,NA,NA,-1.0730438788630892e-06,-1.0730438788630892e-06
Total,-0.0001594586071537174,-0.00018011873358902974,0.00011926589507105234,3.261659560194197e-05,-0.00012420969281801142,-0.000512202604232681,-7.804832228464065e-05
