,Demographic,Finance,Industry,Macro,Micro,Other,Total
Yearly,9.948082961081726,14.601412776814247,17.348334374152266,14.2388876198636,10.844163110276925,14.18693176457297,13.673265180190896
Quarterly,9.980253734372821,11.14663162434646,8.980738439572503,9.479367514096015,9.9571337817479,6.653067257109412,9.808315134619212
Monthly,4.6519619212293355,13.729556081933039,13.132624712365438,13.421565177643389,14.836148742357803,12.331348299340345,12.702405938465354
Weekly,22.076019811605146,3.66813982755185,9.49030436614356,15.307833689115286,9.925178656143952,14.937103145312731,8.654116049803596
Daily,6.2640823284612726,3.3576180789203374,3.8783918623662297,2.6030936137619696,2.3616836583933694,2.9138598362569983,2.9795978280877677
Hourly,NA,NA,NA,NA,NA,14.700775291473034,14.700775291473034
Total,6.5004282135607045,12.676376654771461,12.732908799581185,12.439224183446411,11.87314522979841,10.12964032647463,11.81387856073446
