,Demographic,Finance,Industry,Macro,Micro,Other,Total
Yearly,-0.00000,-0.00000,-0.00000,0.00001,0.00000,0.00000,0.00000
Quarterly,0.00000,0.00000,-0.00005,-0.00001,-0.00001,-0.00000,-0.00001
Monthly,0.00002,0.00000,-0.00001,0.00001,-0.00001,-0.00004,-0.00000
Weekly,-0.00000,-0.00000,0.00000,-0.00000,0.00000,0.00000,0.00000
Daily,-0.01992,0.01520,-0.01905,0.01246,-0.04091,-0.00177,-0.00757
Hourly,NA,NA,NA,NA,NA,0.00000,0.00000
Total,-0.00011,0.00042,-0.00052,-0.00002,-0.00189,-0.00059,-0.00051
