,Demographic,Finance,Industry,Macro,Micro,Other,Total
Yearly,2.422650017736033,3.2178405589174113,3.1513696687905166,3.0764655170384967,3.0591708537860676,2.870927315160938,3.081748070812953
Quarterly,1.2124499500369232,1.1053713062101207,1.0995645423329332,1.1362865832917164,1.1257000718681676,0.9050715914385314,1.1172655049519546
Monthly,0.8607513616800385,0.9300615557046689,0.9642855882325936,0.9254502637365662,0.861058384195817,0.8151418305460029,0.9115299738489981
Weekly,1.536783883644544,2.5270993445789016,1.825584387256616,2.318775800848138,1.627789895934122,3.045535672779716,2.162142942325072
Daily,9.669122539534017,3.418896738421992,3.8069839882038705,3.2675591270591657,2.676422061505586,3.5527231703530866,3.2286612780623476
Hourly,NA,NA,NA,NA,NA,1.4110556888912693,1.4110556888912693
Total,1.1429183583798177,1.744688514032165,1.494090858532547,1.4341906897099985,1.6066398898282463,2.1608218287175855,1.564559540861612
