,Demographic,Finance,Industry,Macro,Micro,Other,Total
Yearly,2.4462610042603825,3.2442141651908742,3.1551174718067,3.080832359866775,2.8676523029814383,2.87836153247159,3.0376449979276545
Quarterly,1.2678095475467028,1.1825652263995052,1.1546283999879898,1.2297157041621842,1.2249672305883368,0.9905730089727462,1.197924912694193
Monthly,0.8450812865794863,0.9656786766706285,0.9937125044424749,0.9478490257232922,0.8556851768616024,0.8500907516233913,0.9276006496459982
Weekly,1.7044143361380462,3.7714803571390827,1.6193825258936745,2.3997989254916825,2.159701794603697,4.195216301292348,2.951994346378178
Daily,9.44254984064175,3.7062001860145286,3.979573143846365,3.471033895825316,2.9687312889650532,3.6737153071276434,3.4776205185238283
Hourly,NA,NA,NA,NA,NA,1.3735262528191088,1.3735262528191088
Total,1.1475745479993247,1.8109130658708894,1.5279041778293851,1.4737293356634171,1.5977824244496002,2.2096071861479243,1.59469171810821
