,Demographic,Finance,Industry,Macro,Micro,Other,Total
Yearly,9.96090869903897,14.797774175681692,17.562670376367922,14.516668528757027,11.169654085663936,14.260098751242488,13.90775127698924
Quarterly,9.865206924180471,11.177581656642255,8.994268378751547,9.421432321444337,9.957924761585492,6.616561839423576,9.794916394591949
Monthly,4.547491093624177,13.612475617170148,13.014223031914039,13.59437674344566,15.160660229235349,12.120357635485917,12.747471525917666
Weekly,10.77842286957855,3.7390820536421936,7.17822090467195,9.124955885413582,9.963907668471922,6.964938600754105,6.9320920458916335
Daily,1.9329055307815,3.0794917471084458,3.7602986966618874,2.0350245382172187,1.386970731218258,2.5688525827770152,2.4458962241709896
Hourly,NA,NA,NA,NA,NA,9.611381943800424,9.611381943800424
Total,6.372653114163834,12.665613729361024,12.712133901316891,12.551660593043096,12.042724332264585,9.425348322812622,11.836414425937866
