,Demographic,Finance,Industry,Macro,Micro,Other,Total
Yearly,0.00312,0.00511,0.00099,0.00630,0.00010,0.01560,0.00368
Quarterly,-0.00260,-0.00243,-0.00307,-0.00298,-0.00326,-0.00320,-0.00290
Monthly,-0.01990,-0.00619,-0.00893,-0.02126,-0.03810,-0.00121,-0.01895
Weekly,0.00378,-0.07565,0.00054,0.06719,0.01610,-0.01205,-0.01737
Daily,-0.02674,-0.04318,-0.00589,-0.01644,0.05475,-0.01529,-0.00586
Hourly,NA,NA,NA,NA,NA,-0.00488,-0.00488
Total,-0.00986,-0.00357,-0.00425,-0.00812,-0.01242,0.00393,-0.00698
