,Demographic,Finance,Industry,Macro,Micro,Other,Total
Yearly,2.4197399461089053,3.2138826971551473,3.1193510562980826,3.084155274421519,3.0830159521607485,2.800960137373546,3.0796432472288413
Quarterly,1.2029997255142033,1.1072959550344,1.0989386968549952,1.1299934991592968,1.1251553494112683,0.8940924351447767,1.114911984720942
Monthly,0.8264746047176731,0.9329441103794518,0.9239427533263795,0.9015765825938099,0.8541697669540087,0.783823487471463,0.8929437533380786
Weekly,1.4315937902638618,2.409428580954845,1.6388381349234027,2.557923422305861,1.6207421938055036,3.2203181970390005,2.1291904496871674
Daily,10.903311563910998,3.601593251337374,3.841293174524187,3.3799594179380352,2.7752542233386284,3.56735079317651,3.3424051710077207
Hourly,NA,NA,NA,NA,NA,0.8216281106015492,0.8216281106015492
Total,1.1191190231741075,1.756032038770342,1.466731990210834,1.4229303289223276,1.6155311009690128,2.0624638359488983,1.5567861407306556
