,Demographic,Finance,Industry,Macro,Micro,Other,Total
Yearly,9.856635488535842,14.372143352049351,16.958244581277867,14.242155121198023,11.051845772144556,13.868548601377684,13.583218898928113
Quarterly,9.835272683952693,11.210269402178131,8.947321314424675,9.375880605857947,9.924015512128888,6.520059827120628,9.768675832260676
Monthly,4.447367910972218,13.604243353847261,12.815966835316505,13.58087442409532,15.039016778996228,11.653463592129343,12.658890866301292
Weekly,10.962196513948127,3.5617442241878634,6.936983987265186,15.057032075888717,9.705965120591896,14.96843143947529,7.723867016480748
Daily,6.9084909418176395,3.557643440198934,3.900350801705323,2.6541434358454343,2.4206527693140507,2.9451436938770943,3.083785397456663
Hourly,NA,NA,NA,NA,NA,11.626728378523547,11.626728378523547
Total,6.293598653894456,12.585393192912463,12.478252768316397,12.493577446725759,12.010340329611138,9.56137408975182,11.751147567913542
