,Demographic,Finance,Industry,Macro,Micro,Other,Total
Yearly,2.449830267252267,3.265437661860772,3.1781646216997586,3.0927422655522534,3.33805114248872,2.9016813571684477,3.184543164007808
Quarterly,1.2221005569990748,1.1567538441384326,1.1338449712337328,1.1884424297362655,1.1810908573276284,0.9628663497772033,1.1635207907244751
Monthly,0.8980541913391772,0.9537627760921209,0.9849414575502113,0.9733509843027738,0.892911628797156,0.8661638441501909,0.943290012059386
Weekly,2.7414584884338917,2.790552910993123,4.610147340020403,2.618725547383561,1.7291699782454282,3.4106084997248325,2.487656412725126
Daily,9.73192928344167,3.451781711126563,3.817285520527629,3.236683912584575,2.6624363939221416,3.525641457474409,3.2321001861963556
Hourly,NA,NA,NA,NA,NA,1.0492072911842698,1.0492072911842698
Total,1.1763030397591103,1.782910949979546,1.5199708915751868,1.4769124131334999,1.7060417026290873,2.1432397724688337,1.6143644028618591
