,Demographic,Finance,Industry,Macro,Micro,Other,Total
Yearly,9.882089994938516,14.579289157725826,17.11499689731718,14.125509979656982,11.583043455876494,14.259884517376614,13.820889097075515
Quarterly,9.966893544860348,11.525163899675444,9.200254348507434,9.801680978686628,10.259106525489878,6.994513940387442,10.09279468132332
Monthly,4.782425666936763,14.006068928093983,13.470153241861562,14.133850764925056,15.486729405126706,12.672204291122991,13.151055075589694
Weekly,22.45519474543444,3.762284818686952,13.222903371929343,16.294313475871725,10.046529559298865,16.541701218656872,8.989012206581501
Daily,6.3517963158712725,3.4747387860594907,3.873604484313635,2.646470125848748,2.3664659777612074,2.915703643665985,3.025773058576934
Hourly,NA,NA,NA,NA,NA,9.76471791871794,9.76471791871794
Total,6.576295243236846,12.884250114033247,12.921876339014721,12.87478701537482,12.422862533858178,9.68065360778802,12.114177565319366
