,Demographic,Finance,Industry,Macro,Micro,Other,Total
Yearly,2.4555552504568006,3.28986867842459,3.2011541695425865,3.1452847186583925,3.0842335334795945,2.861255258861173,3.1300462399970606
Quarterly,1.2097567817652213,1.1173274948161456,1.105727497223173,1.1428477935151384,1.1371341016465328,0.9094690271379817,1.1253701203359492
Monthly,0.8475677142973819,0.9275730638489635,0.9497158739260624,0.9118253879407837,0.867877699088661,0.8073202471572009,0.9050176160561849
Weekly,1.4052407915585121,2.5261719166544583,1.8344027278771229,2.466452473936479,1.6289200250269722,2.6730867794564515,2.1578412960554116
Daily,3.7710165831581834,3.185725565569695,3.7435086021372705,2.2074181156357544,1.5672596269359738,3.1445569926137202,2.6420957745503695
Hourly,NA,NA,NA,NA,NA,0.8728020903003956,0.8728020903003956
Total,1.1306472238563563,1.750475253860463,1.4962665312389951,1.4361711172656761,1.5537175324811976,2.01651195808893,1.547449359083831
