,Demographic,Finance,Industry,Macro,Micro,Other,Total
Yearly,10.00970738955336,14.81816667448616,17.60764118635516,14.549248745774522,11.222910232772614,14.249592181619784,13.943208075322332
Quarterly,9.856691796155012,11.17821036741915,8.990542419473632,9.435640859362238,9.949475253096098,6.638839223695824,9.79550636146499
Monthly,4.54874275299404,13.60359913738446,13.015642046242169,13.598572057215865,15.160939177494491,12.123059315127005,12.746840025357603
Weekly,10.778449153671424,3.745177204361387,7.178221016515735,9.157629158918668,9.901931258524225,6.965047704936352,6.9192780953540165
Daily,1.958238249231199,3.1000449518569795,3.7370214517504823,2.0655495542889244,1.3895411848701686,2.5615244511320827,2.4519299916975905
Hourly,NA,NA,NA,NA,NA,9.611381943800424,9.611381943800424
Total,6.377785788748349,12.668539879923305,12.720338259577577,12.56454150789882,12.05455653390902,9.426045088748438,11.844617006606134
