,Demographic,Finance,Industry,Macro,Micro,Other,Total
Yearly,2.449833014138355,3.2654419429828283,3.178164928095115,3.092726085674663,3.3380511753437627,2.9016812825239313,3.184541816542391
Quarterly,1.222098619649536,1.1567537716367362,1.1339225784180096,1.1884579311659003,1.181109391278668,0.962866495339453,1.1635437061699618
Monthly,0.8980424074651288,0.9537597423479812,0.9849577814547384,0.9733465072752768,0.8929329769645395,0.8662171506631426,0.9432955726199752
Weekly,2.741458488433985,2.7905533041044444,4.610147340020403,2.618725547383645,1.7291642518327568,3.4106084997224415,2.4876548057948042
Daily,10.01126525917765,3.43683803222688,3.8863906386551528,3.257725685996867,2.7764813976310014,3.5428669112707305,3.277182979466601
Hourly,NA,NA,NA,NA,NA,1.0492072911842698,1.0492072911842698
Total,1.176615999192209,1.7819611277464082,1.5215501489153385,1.4770488270780555,1.7127562390506024,2.1464165288865926,1.6162779056234655
