,Demographic,Finance,Industry,Macro,Micro,Other,Total
Yearly,9.908306279712965,14.523718802105563,17.254564291040086,14.083380307009053,11.079119069305577,14.020804530437122,13.665684748771929
Quarterly,9.925793189885606,11.195375717908048,8.927458978221967,9.469372506021429,9.950392100715861,6.5140255559136016,9.795663609750129
Monthly,4.675761298078751,13.777633644136142,13.187729628150942,13.737679809961241,15.085467238355232,12.481067746241221,12.851582686081976
Weekly,11.231656455263812,3.7228924723037466,7.113822702769734,8.207535680723954,9.943324291455511,7.5192230119890615,6.8612507417753
Daily,6.318093563795616,3.3841426424449876,3.8645270639235307,2.566465728134395,2.373133354589019,2.9292348238012007,2.9933241917430884
Hourly,NA,NA,NA,NA,NA,12.693452600269572,12.693452600269572
Total,6.469667246795434,12.689854269486426,12.729523844552627,12.553149123529282,12.042356634465008,9.782114625346534,11.86653704539012
