,Demographic,Finance,Industry,Macro,Micro,Other,Total
Yearly,2.4169294606143783,3.2200734203464223,3.114148819836853,3.083800300197962,3.0583547195314407,2.777331287127858,3.0720842083851005
Quarterly,1.203820801868888,1.1066044282302923,1.099863238787638,1.1273605956589212,1.1243135081342603,0.899375111010143,1.1143974924914966
Monthly,0.8256145214110965,0.9810277792258681,0.9208127444786479,0.9017806749938377,0.8503695104075419,0.7745312437709253,0.9023143993190567
Weekly,1.5922190836023835,2.462101890297668,1.7492800640393478,2.5405459841220708,1.6046136601384355,2.793416766565274,2.1445508771108748
Daily,11.674549502515955,3.5870219225771978,3.8261407173572244,3.3625331038831763,2.7522444876943726,3.580612945430961,3.3307713193594526
Hourly,NA,NA,NA,NA,NA,0.8192227772805829,0.8192227772805829
Total,1.119705676928712,1.7784889989123664,1.4639589843328074,1.4220922311040278,1.605826297334344,2.055214199825949,1.5589758026055829
