,Demographic,Finance,Industry,Macro,Micro,Other,Total
Yearly,2.5156973671061604,3.2600225131055263,3.1439430767964853,3.0581086593559244,2.7642722442900602,2.8568607991901214,3.0092064326154744
Quarterly,1.2510540842434938,1.1885882156380414,1.153193938188126,1.2358139895307523,1.2192159120631496,1.0098677048561955,1.1982852488974716
Monthly,0.9262992992524391,0.9823300523539403,1.0235403356254789,0.9983199888880111,0.8914445688967793,0.9143822711393774,0.9664076511404377
Weekly,2.755461490607539,2.9457269974773173,4.638369644022657,2.788717564199274,1.783447348801295,3.5562307770428228,2.6011666121098225
Daily,9.80160409597725,3.473802256313566,3.824604451168241,3.467991453989405,2.678553844284976,3.5250482304950057,3.2536060458174196
Hourly,NA,NA,NA,NA,NA,2.557428608813246,2.557428608813246
Total,1.2094082139168914,1.8035854111553995,1.5387205874546026,1.4976855373318865,1.5663941500999545,2.3249069377019853,1.6010374819189985
