,Demographic,Finance,Industry,Macro,Micro,Other,Total
Yearly,9.88146217637944,14.415840392368807,16.936332294263302,13.989909514979118,10.373715460575031,14.012929668017927,13.36561977213506
Quarterly,10.060089419546774,11.582675436639757,9.1794355250165,9.859102090250925,10.378535161143567,7.089826138145607,10.154807947985736
Monthly,4.906195338450192,14.032529589421024,13.607252534900546,14.004036350743588,14.736745011377106,12.734980976500344,13.002286092898157
Weekly,22.611779272778822,3.8348685102416953,13.244331264791626,16.578771266843983,10.300256989174951,16.65078786799605,9.148286866181696
Daily,6.41298948089522,3.505147580888598,3.8783677503379974,2.6391150418036173,2.3755133002113276,2.9175949512248027,3.0408301418507593
Hourly,NA,NA,NA,NA,NA,17.566962746834093,17.566962746834093
Total,6.678017510957425,12.867522736711543,12.954592996878104,12.796777124417286,11.810747831100938,10.561431494148191,11.986449245416203
