,Demographic,Finance,Industry,Macro,Micro,Other,Total
Yearly,2.4147820394301416,3.1125567885418888,2.9907538379210994,2.992830005454388,2.9587953562385123,2.6767444805611578,2.972424241455156
Quarterly,1.2299075207570158,1.1129356186085868,1.1118775087426804,1.1376496151267976,1.12005137390565,0.8761671389033872,1.1205112161994568
Monthly,0.8707619077096829,0.9384725385701096,0.9600527980786969,0.8984137015242664,0.847148765074853,0.7998721979943364,0.9048563499373626
Weekly,0.6532906170527276,3.10441144340706,3.081389868242201,2.3094512381012047,2.0286371441641586,2.2186952180605353,2.484150401846068
Daily,9.391963087928243,3.776443890033477,3.9551342064899906,3.286287218123184,2.9108594660359612,3.6061433485068592,3.4650906266278207
Hourly,NA,NA,NA,NA,NA,0.9166887075113594,0.9166887075113594
Total,1.1494917140004688,1.748694808990537,1.466848660626519,1.403885209134005,1.5886472249795522,2.0298887282806843,1.5460938873717849
