,Demographic,Finance,Industry,Macro,Micro,Other,Total
Yearly,9.63672949577485,14.006336164396753,16.37830580116947,13.584550053169236,10.68733196543268,13.237544875953501,13.126510096454265
Quarterly,9.931530698555695,11.092105618841249,8.971623824348622,9.319346402419006,9.792320535244501,6.228824276763747,9.698660532075124
Monthly,4.624012670391002,13.818492173463694,13.210788297643704,12.875979677296717,13.943474694995249,11.958362988982788,12.415635379930519
Weekly,4.928858425962235,4.249645992511083,10.762277103553473,8.28005886817306,12.74400536441983,7.1603988742452,7.611543199212504
Daily,6.242751641498234,3.70056260872589,3.984977418595867,2.587926890727981,2.543320254784432,2.96807219401246,3.1877601618311506
Hourly,NA,NA,NA,NA,NA,9.345318864456466,9.345318864456466
Total,6.385462841520092,12.571974334526704,12.58335485378317,11.96715733238322,11.426075796609199,8.989142132444915,11.507042514473877
